{"loss": [0.33234164118766785, 0.2281482070684433, 0.1880185455083847, 0.1539221554994583, 0.14331762492656708, 0.12281422317028046, 0.11643045395612717, 0.11369188129901886, 0.11209353804588318, 0.1137080192565918], 
"accuracy": [0.8925386071205139, 0.9248595237731934, 0.9379045367240906, 0.9497688412666321, 0.9531118869781494, 0.960594654083252, 0.9625435471534729, 0.9644640684127808, 0.964293360710144, 0.9649903774261475],
 "val_loss": [0.27164074778556824, 0.34604892134666443, 0.2530277967453003, 0.346125066280365, 0.27163517475128174, 0.3073653280735016, 0.33363988995552063, 0.4409603178501129, 0.5692707896232605, 0.33146682381629944], 
 "val_accuracy": [0.9113931059837341, 0.8882881999015808, 0.9223195910453796, 0.9021739363670349, 0.9260755777359009, 0.9144662022590637, 0.9120191335678101, 0.8840769529342651, 0.8648418188095093, 0.9156612753868103]}