{"accuracy": [0.5846684575080872, 0.8577779531478882, 0.9116527438163757, 0.940585732460022, 0.9550593495368958, 0.9649593830108643, 0.9702289700508118, 0.9763649702072144, 0.9785523414611816, 0.9810096025466919], "loss": [1.4231572151184082, 0.4567160904407501, 0.2770880162715912, 0.188247948884964, 0.14081980288028717, 0.10977120697498322, 0.09044427424669266, 0.07443832606077194, 0.06724526733160019, 0.05929771438241005], "val_accuracy": [0.7965513467788696, 0.8930684924125671, 0.9182790517807007, 0.938197135925293, 0.9492374062538147, 0.9460505247116089, 0.9663669466972351, 0.9634076952934265, 0.9603915214538574, 0.9675620198249817], "val_loss": [0.6390989422798157, 0.341327041387558, 0.2554548978805542, 0.18755154311656952, 0.15773358941078186, 0.16518117487430573, 0.10710099339485168, 0.1225229874253273, 0.12977983057498932, 0.11041752994060516]}